[
  {
    "title": "Теплі військові брюки",
    "material": "софтшел + фліс (Туреччина), фурнітура (Німеччина)",
    "description": "Теплі військові тактичні штани для зимового періоду Дуже зручні, приємні та комфортні у використанні! Найвища якість пошиву від LION STYLE!",
    "price": 2249,
    "images": [
      "https://lionstyle.com.ua/img/3.jpg",
      "https://lionstyle.com.ua/img/4.jpg"
    ]
  },
  {
    "title": "Демісезонні військові брюки",
    "material": "ріп-стоп мультікам (Туреччина), якісна надійна фурнітура (Німеччина)",
    "description": "Військові тактичні брюки з високоякісної турецької сировини для наших захисників! Дуже комфортні, зручні та міцні! Найвища якість пошиву від LION STYLE!",
    "price": 1949,
    "images": [
      "https://lionstyle.com.ua/img/5.jpg",
      "https://lionstyle.com.ua/img/6.jpg",
      "https://lionstyle.com.ua/img/db03.jpg",
      "https://lionstyle.com.ua/img/db04.jpg",
      "https://lionstyle.com.ua/img/db05.jpg",
      "https://lionstyle.com.ua/img/db06.jpg",
      "https://lionstyle.com.ua/img/db07.jpg",
      "https://lionstyle.com.ua/img/db08.jpg",
      "https://lionstyle.com.ua/img/db09.jpg",
      "https://lionstyle.com.ua/img/db10.jpg"
    ]
  },
  {
    "title": "Літні військові тактичні брюки",
    "material": "ріп-стоп піксель (Туреччина), фурнітура (Німеччина)",
    "description": "Військові тактичні брюки з високоякісної турецької сировини для наших захисників! Дуже комфортні, зручні та міцні! Найвища якість пошиву від LION STYLE!",
    "price": 1599,
    "images": [
      "https://lionstyle.com.ua/img/vtb01.jpg",
      "https://lionstyle.com.ua/img/vtb02.jpg",
      "https://lionstyle.com.ua/img/21.webp",
      "https://lionstyle.com.ua/img/22.webp",
      "https://lionstyle.com.ua/img/23.jpg",
      "https://lionstyle.com.ua/img/24.jpg",
      "https://lionstyle.com.ua/img/25.jpg"
    ]
  },
  {
    "title": "Поліцейські брюки чоловічі від LION STYLE 🦁",
    "material": "Матеріал: ріп-стоп чорний (Туреччина), фурнітура (Німеччина) 👍",
    "description": "Розмір: 48-58 Дуже комфортні, зручні та міцні! Люксова якість пошиву від LION STYLE 💪",
    "price": 1950,
    "images": [
      "https://lionstyle.com.ua/img/p01.jpg",
      "https://lionstyle.com.ua/img/p02.jpg",
      "https://lionstyle.com.ua/img/p03.jpg",
      "https://lionstyle.com.ua/img/p04.jpg",
      "https://lionstyle.com.ua/img/p05.jpg"
    ]
  },
  {
    "title": "Бойові тактичні сорочки",
    "material": "ріп-стоп піксель (Туреччина) + стрейчкулір хакі (Туреччина), якісна надійна фурнітура (Німеччина)",
    "description": "Нова модель бойової тактичної сорочки з потайними кишенями на рукавах з блискавками! Дуже зручна і приємна у використанні! Найвища якість пошиву від LION STYLE!",
    "price": 1249,
    "images": [
      "https://lionstyle.com.ua/img/bs01.jpg",
      "https://lionstyle.com.ua/img/bs02.jpg",
      "https://lionstyle.com.ua/img/bs03.jpg",
      "https://lionstyle.com.ua/img/7.jpg",
      "https://lionstyle.com.ua/img/8.jpg",
      "https://lionstyle.com.ua/img/9.jpg",
      "https://lionstyle.com.ua/img/r01.jpg",
      "https://lionstyle.com.ua/img/r02.jpg",
      "https://lionstyle.com.ua/img/r03.jpg",
      "https://lionstyle.com.ua/img/r04.jpg",
      "https://lionstyle.com.ua/img/db01.jpg",
      "https://lionstyle.com.ua/img/db02.jpg",
      "https://lionstyle.com.ua/img/r05.jpg"
    ]
  },
  {
    "title": "Бойова сорочка + військові тактичні брюки",
    "material": "ріп-стоп піксель+кулпас хакі (Туреччина), надійна міцна фурнітура (Німеччина)",
    "description": "Нова модель бойової тактичної сорочки з потайними кишенями на рукавах з блискавками! Нові моделі літніх військових костюмів: бойова сорочка + військові тактичні брюки! Найвища якість пошиву від LION STYLE!",
    "price": 2699,
    "images": [
      "https://lionstyle.com.ua/img/vk04.jpg",
      "https://lionstyle.com.ua/img/vk05.jpg",
      "https://lionstyle.com.ua/img/vk06.jpg",
      "https://lionstyle.com.ua/img/vk01.jpg",
      "https://lionstyle.com.ua/img/vk02.jpg",
      "https://lionstyle.com.ua/img/vk03.jpg"
    ]
  },
  {
    "title": "Футболка комбінована Кулір піксель+ кул пасс хакі",
    "material": "кулір пеньє піксель + кул пасс хакі  (Туреччина)",
    "description": "Нова модель комбінованої літньої військової футболки! Склад: 80% - хлопок, 20% - поліестер. Розмір: 48-58. Найвища якість пошиву від LION STYLE!",
    "price": 449,
    "images": [
      "https://lionstyle.com.ua/img/kvf01.jpg",
      "https://lionstyle.com.ua/img/kvf02.jpg",
      "https://lionstyle.com.ua/img/kvf03.jpg"
    ]
  },
  {
    "title": "Військові футболки піксель",
    "material": "кулір пеньє піксель + кул пасс хакі  (Туреччина)",
    "description": "Нова модель літньої військової футболки піксель з манжетами і воротником хакі! Склад: 80% - хлопок, 20% - поліестер. Розмір: 48-58. Найвища якість пошиву від LION STYLE!",
    "price": 249,
    "images": [
      "https://lionstyle.com.ua/img/vf2-07.jpg",
      "https://lionstyle.com.ua/img/vf2-08.jpg",
      "https://lionstyle.com.ua/img/vf2-09.jpg",
      "https://lionstyle.com.ua/img/vf2-01.jpg",
      "https://lionstyle.com.ua/img/vf2-02.jpg",
      "https://lionstyle.com.ua/img/vf2-03.jpg",
      "https://lionstyle.com.ua/img/vf2-04.jpg",
      "https://lionstyle.com.ua/img/vf2-05.jpg",
      "https://lionstyle.com.ua/img/vf2-06.jpg",
      "https://lionstyle.com.ua/img/vf01.jpg",
      "https://lionstyle.com.ua/img/vf02.jpg",
      "https://lionstyle.com.ua/img/vf03.jpg",
      "https://lionstyle.com.ua/img/vf04.jpg",
      "https://lionstyle.com.ua/img/vf05.jpg"
    ]
  },
  {
    "title": "Футболка Кул Макс мультікам",
    "material": "Кулл Макс мультікам, активно вбирає вологу, приємно охолоджує",
    "description": "Нова модель військової футболки від LION STYLE 🦁 Склад: 80% - хлопок, 20% - поліестер. Розмір: 48-58. Люксова якість пошиву від LION STYLE 👌⭐⭐⭐⭐⭐",
    "price": 349,
    "images": [
      "https://lionstyle.com.ua/img/f06.jpg",
      "https://lionstyle.com.ua/img/f07.jpg",
      "https://lionstyle.com.ua/img/f08.jpg",
      "https://lionstyle.com.ua/img/f01.jpg",
      "https://lionstyle.com.ua/img/f02.jpg",
      "https://lionstyle.com.ua/img/f03.jpg",
      "https://lionstyle.com.ua/img/f04.jpg",
      "https://lionstyle.com.ua/img/f05.jpg"
    ]
  },
  {
    "title": "Футболка Кул пасс хакі",
    "material": "кул пасс хакі найвищої якості (Туреччина)",
    "description": "Нова модель літньої військової футболки від LION STYLE 🦁 Розмір: 48-58. Люксова якість пошиву від LION STYLE ⭐⭐⭐⭐⭐",
    "price": 449,
    "images": [
      "https://lionstyle.com.ua/img/lvf01.jpg",
      "https://lionstyle.com.ua/img/lvf02.jpg"
    ]
  },
  {
    "title": "Футболка військова комбінована кул макс мультікам+кул пасс хакі",
    "material": "Кул Пасс хакі (Туреччина) + Кул Макс мультікам (Туреччина)",
    "description": "Нова модель літньої військової футболки від LION STYLE 🦁 Розмір: 48-58. Найвища якість пошиву від LION STYLE 👌",
    "price": 449,
    "images": [
      "https://lionstyle.com.ua/img/kvf04.jpg",
      "https://lionstyle.com.ua/img/kvf05.jpg",
      "https://lionstyle.com.ua/img/kvf06.jpg",
      "https://lionstyle.com.ua/img/fvk01.jpg",
      "https://lionstyle.com.ua/img/fvk02.jpg",
      "https://lionstyle.com.ua/img/fvk03.jpg",
      "https://lionstyle.com.ua/img/fvk04.jpg",
      "https://lionstyle.com.ua/img/fvk05.jpg"
    ]
  },
  {
    "title": "Чорна футболка з наліпками під шеврони від LION STYLE 🦁",
    "material": "Стрейч Кулір найвищої якості (Туреччина) 👌",
    "description": "Розмір: 48-58 Склад: 95% бавовна, 5% поліестер 👍 Люксова якість пошиву від LION STYLE! 👌⭐⭐⭐⭐⭐",
    "price": 449,
    "images": [
      "https://lionstyle.com.ua/img/futb7-01.jpg",
      "https://lionstyle.com.ua/img/futb7-02.jpg",
      "https://lionstyle.com.ua/img/futb7-03.jpg",
      "https://lionstyle.com.ua/img/futb7-04.jpg",
      "https://lionstyle.com.ua/img/futb7-05.jpg"
    ]
  },
  {
    "title": "Військові шеврони",
    "description": "Нові моделі військових шевронів для ЗСУ виготовляються на сучасному новому обладнанні найвищого класу з найякіснішої імпортної сировини з урахуванням всіх діючих стандартів. Тільки найякісніші і найкращі шеврони для самих найкращих захисників у світі!!! Працюємо заради Перемоги з Україною в серці!",
    "price": 60,
    "images": [
      "https://lionstyle.com.ua/img/sh15.jpg",
      "https://lionstyle.com.ua/img/sh21.jpg",
      "https://lionstyle.com.ua/img/sh22.jpg",
      "https://lionstyle.com.ua/img/sh23.jpg",
      "https://lionstyle.com.ua/img/sh24.jpg",
      "https://lionstyle.com.ua/img/sh25.jpg",
      "https://lionstyle.com.ua/img/sh26.jpg",
      "https://lionstyle.com.ua/img/sh27.jpg"
    ]
  },
  {
    "title": "Шеврон флаг з гербом",
    "description": "Нові моделі військових шевронів для ЗСУ виготовляються на сучасному новому обладнанні найвищого класу з найякіснішої імпортної сировини з урахуванням всіх діючих стандартів. Тільки найякісніші і найкращі шеврони для самих найкращих захисників у світі!!! Працюємо заради Перемоги з Україною в серці!",
    "price": 40,
    "images": [
      "https://lionstyle.com.ua/img/sh11.jpg"
    ]
  },
  {
    "title": "Шеврон флаг маленький",
    "description": "Нові моделі військових шевронів для ЗСУ виготовляються на сучасному новому обладнанні найвищого класу з найякіснішої імпортної сировини з урахуванням всіх діючих стандартів. Тільки найякісніші і найкращі шеврони для самих найкращих захисників у світі!!! Працюємо заради Перемоги з Україною в серці!",
    "price": 30,
    "images": [
      "https://lionstyle.com.ua/img/sh12.jpg"
    ]
  },
  {
    "title": "Нашивка ЗСУ",
    "description": "Нові моделі військових шевронів для ЗСУ виготовляються на сучасному новому обладнанні найвищого класу з найякіснішої імпортної сировини з урахуванням всіх діючих стандартів. Тільки найякісніші і найкращі шеврони для самих найкращих захисників у світі!!! Працюємо заради Перемоги з Україною в серці!",
    "price": 40,
    "images": [
      "https://lionstyle.com.ua/img/zsu.jpg",
      "https://lionstyle.com.ua/img/zsu01.jpg",
      "https://lionstyle.com.ua/img/zsu02.jpg"
    ]
  },
  {
    "title": "Шеврон ДСНС",
    "description": "Нові моделі військових шевронів для ЗСУ виготовляються на сучасному новому обладнанні найвищого класу з найякіснішої імпортної сировини з урахуванням всіх діючих стандартів. Тільки найякісніші і найкращі шеврони для самих найкращих захисників у світі!!! Працюємо заради Перемоги з Україною в серці!",
    "price": 60,
    "images": [
      "https://lionstyle.com.ua/img/sh13.jpg",
      "https://lionstyle.com.ua/img/sh28.jpg",
      "https://lionstyle.com.ua/img/sh29.jpg"
    ]
  },
  {
    "title": "Нашивка ДСНС",
    "description": "Нові моделі військових шевронів для ЗСУ виготовляються на сучасному новому обладнанні найвищого класу з найякіснішої імпортної сировини з урахуванням всіх діючих стандартів. Тільки найякісніші і найкращі шеврони для самих найкращих захисників у світі!!! Працюємо заради Перемоги з Україною в серці!",
    "price": 40,
    "images": [
      "https://lionstyle.com.ua/img/sh13.jpg"
    ]
  },
  {
    "title": "Теплі костюми з вишивкою",
    "material": "футер трьохнитка + фліс (Туреччина)",
    "description": "Нова колекція теплих спортивних костюмів від українського національного бренду LION STYLE з оригінальною вишивкою! Дуже класні, стильні, комфортні та яскраві! Неповторний дизайн і найвища якість пошиву від LION STYLE!",
    "price": 1999,
    "images": [
      "https://lionstyle.com.ua/img/14.jpg",
      "https://lionstyle.com.ua/img/15.jpg",
      "https://lionstyle.com.ua/img/31.jpg",
      "https://lionstyle.com.ua/img/32.jpg",
      "https://lionstyle.com.ua/img/33.jpg",
      "https://lionstyle.com.ua/img/34.jpg"
    ]
  },
  {
    "title": "Теплий костюм з вишивкою LION STYLE (помаранчева худі з чорними рукавами+ чорні штани)",
    "material": "футер трьохнитка на флісі (Туреччина)",
    "description": "Нова колекція теплих спортивних костюмів від українського національного бренду LION STYLE з оригінальною вишивкою! Худі помаранчева з чорними рукавами і фірмовою вишивкою LION STYLE. Брюки чорні Люксова якість пошиву від LION STYLE 👌⭐⭐⭐⭐⭐",
    "price": 1999,
    "images": [
      "https://lionstyle.com.ua/img/tk01.jpg",
      "https://lionstyle.com.ua/img/tk02.jpg",
      "https://lionstyle.com.ua/img/tk03.jpg"
    ]
  },
  {
    "title": "Теплий костюм від LION STYLE з ексклюзивною горизонтальною вишиванкою (помаранчевий)",
    "material": "футертрьохнитка + фліс (Туреччина)",
    "description": "Нова колекція теплих спортивних костюмів від українського національного бренду LION STYLE з оригінальною вишивкою! Неповторний стиль і національна українська вишиванка! Люксова якість пошиву від LION STYLE!",
    "price": 2099,
    "images": [
      "https://lionstyle.com.ua/img/16.jpg",
      "https://lionstyle.com.ua/img/35.jpg",
      "https://lionstyle.com.ua/img/36.jpg"
    ]
  },
  {
    "title": "Теплий костюм від LION STYLE з ексклюзивною вертикальною вишиванкою (помаранчевий)",
    "material": "футер трьохнитка на флісі (Туреччина)",
    "description": "Нова колекція теплих спортивних костюмів від українського національного бренду LION STYLE з оригінальною вишивкою! Худі помаранчева з оригінальною вертикальною вишивкою. Брюки чорні Люксова якість пошиву від LION STYLE! 👌⭐⭐⭐⭐⭐",
    "price": 2099,
    "images": [
      "https://lionstyle.com.ua/img/extk01.jpg",
      "https://lionstyle.com.ua/img/extk02.jpg",
      "https://lionstyle.com.ua/img/extk03.jpg"
    ]
  },
  {
    "title": "Футболка Стрейч Кулір чорна від LION STYLE 🦁",
    "material": "Елітний Стрейч Кулір найвищої якості (Туреччина) 👍",
    "description": " Склад: бавовна - 95%, поліестер - 5% 👌 Люксова якість пошиву від LION STYLE! 👌⭐⭐⭐⭐⭐",
    "price": 399,
    "images": [
      "https://lionstyle.com.ua/img/f002.jpg",
      "https://lionstyle.com.ua/img/f01.webp",
      "https://lionstyle.com.ua/img/f02.webp",
      "https://lionstyle.com.ua/img/f03.webp",
      "https://lionstyle.com.ua/img/f04.webp",
      "https://lionstyle.com.ua/img/f001.jpg",
      "https://lionstyle.com.ua/img/f003.jpg",
      "https://lionstyle.com.ua/img/f004.jpg"
    ]
  },
  {
    "title": "Чорна футболка з кольоровим надписом \"З Україною в серці\" від LION STYLE 🦁",
    "material": "Стрейч Кулір найвищої якості (Туреччина) 👌",
    "description": "Розмір: 48-58 Склад: 95% бавовна, 5% поліестер 👍 Люксова якість пошиву від LION STYLE! 👌⭐⭐⭐⭐⭐",
    "price": 549,
    "images": [
      "https://lionstyle.com.ua/img/futb1-01.jpg"
    ]
  },
  {
    "title": "Чорна футболка із золотим логотипом LION STYLE 🦁",
    "material": "Стрейч Кулір найвищої якості (Туреччина) 👌",
    "description": "Розмір: 48-58 Склад: 95% бавовна, 5% поліестер 👍 Люксова якість пошиву від LION STYLE! 👌⭐⭐⭐⭐⭐",
    "price": 499,
    "images": [
      "https://lionstyle.com.ua/img/futb2-01.jpg"
    ]
  },
  {
    "title": "Чорна футболка з гербом від LION STYLE 🦁",
    "material": "Стрейч Кулір найвищої якості (Туреччина) 👌",
    "description": "Розмір: 48-58 Склад: 95% бавовна, 5% поліестер 👍 Люксова якість пошиву від LION STYLE! 👌⭐⭐⭐⭐⭐",
    "price": 479,
    "images": [
      "https://lionstyle.com.ua/img/futb3-01.jpg"
    ]
  },
  {
    "title": "Чорна футболка з кольоровим надписом \"I'm Ukrainian\" від LION STYLE 🦁",
    "material": "Стрейч Кулір найвищої якості (Туреччина) 👌",
    "description": "Розмір: 48-58 Склад: 95% бавовна, 5% поліестер 👍 Люксова якість пошиву від LION STYLE! 👌⭐⭐⭐⭐⭐",
    "price": 549,
    "images": [
      "https://lionstyle.com.ua/img/futb4-01.jpg"
    ]
  },
  {
    "title": "Чорна футболка з кольоровим серцем \"Stay with Ukraine\" від LION STYLE 🦁",
    "material": "Стрейч Кулір найвищої якості (Туреччина) 👌",
    "description": "Розмір: 48-58 Склад: 95% бавовна, 5% поліестер 👍 Люксова якість пошиву від LION STYLE! 👌⭐⭐⭐⭐⭐",
    "price": 599,
    "images": [
      "https://lionstyle.com.ua/img/futb5-01.jpg"
    ]
  },
  {
    "title": "Чорна футболка з великим кольоровим гербом від LION STYLE 🦁",
    "material": "Стрейч Кулір найвищої якості (Туреччина) 👌",
    "description": "Розмір: 48-58 Склад: 95% бавовна, 5% поліестер 👍 Люксова якість пошиву від LION STYLE! 👌⭐⭐⭐⭐⭐",
    "price": 599,
    "images": [
      "https://lionstyle.com.ua/img/futb6-01.jpg",
      "https://lionstyle.com.ua/img/futb6-02.jpg"
    ]
  }
]